Network,Station ID,year,month,day,doy,st_5_C,lat,lon
snotel,1133,2018,2,23,54,-0.4,42.7121,-109.4112
snotel,1119,2018,2,23,54,0.2,41.05616,-106.71384
snotel,580,2018,2,23,54,-0.7,37.37929,-106.54835
snotel,1214,2018,2,23,54,0.3,40.46182,-112.25233
snotel,452,2018,2,23,54,-3.4,38.2084,-111.47412
snotel,445,2018,2,23,54,-0.9,41.96737,-118.18934
snotel,1213,2018,2,23,54,-5.4,38.94557,-115.37922
snotel,628,2018,2,23,54,0.0,40.65883,-111.63683
snotel,371,2018,2,23,54,-0.8,39.134,-111.43722
snotel,729,2018,2,23,54,0.7,43.61193,-122.11758
snotel,475,2018,2,23,54,-0.4,38.77246,-111.67662
snotel,1248,2018,2,23,54,-0.9,37.59711,-112.92949
snotel,643,2018,2,23,54,-2.8,40.60798,-109.8881
snotel,680,2018,2,23,54,-1.6,38.81996,-106.58974
snotel,1209,2018,2,23,54,-5.5,38.99651,-115.42478
snotel,566,2018,2,23,54,-0.8,40.59709,-110.43316
snotel,527,2018,2,23,54,-0.4,40.94168,-115.0954
snotel,592,2018,2,23,54,0.0,37.51255,-113.39661
snotel,457,2018,2,23,54,0.8,40.53397,-106.7813
snotel,589,2018,2,23,54,-1.7,37.89183,-108.19544
snotel,378,2018,2,23,54,-0.9,39.87505,-107.59853
snotel,461,2018,2,23,54,-3.5,39.31213,-109.53179
snotel,896,2018,2,23,54,1.0,40.86833,-111.71865
snotel,453,2018,2,23,54,-0.1,40.89343,-115.21104
snotel,1149,2018,2,23,54,-2.9,38.50455,-111.76693
snotel,383,2018,2,23,54,-0.7,37.81333,-109.48723
snotel,1162,2018,2,23,54,0.0,40.95814,-110.5828
snotel,1269,2018,2,23,54,-2.9,37.97793,-110.7933
snotel,681,2018,2,23,54,1.3,48.44488,-120.91551
snotel,443,2018,2,23,54,-0.6,39.56361,-115.84421
snotel,523,2018,2,23,54,0.1,45.69682,-118.10657
snotel,1228,2018,2,23,54,-1.6,39.13233,-111.35685
snotel,1123,2018,2,23,54,0.0,40.5123,-105.7656
snotel,962,2018,2,23,54,-2.2,66.745,-150.6675
snotel,1060,2018,2,23,54,-0.3,37.50357,-108.11373
snotel,543,2018,2,23,54,-2.5,39.89166,-110.74604
snotel,594,2018,2,23,54,0.3,47.45792,-115.70577
snotel,999,2018,2,23,54,0.8,48.76292,-121.69823
snotel,937,2018,2,23,54,-0.4,39.43577,-105.91078
snotel,415,2018,2,23,54,-1.5,39.48954,-106.17095
snotel,473,2018,2,23,54,0.2,38.93403,-120.0545
snotel,1211,2018,2,23,54,-2.2,41.56861,-115.03237
snotel,528,2018,2,23,54,-0.8,40.92167,-110.18623
snotel,1137,2018,2,23,54,-2.3,39.4495,-115.9834
snotel,561,2018,2,23,54,0.0,37.52664,-113.05386
snotel,1080,2018,2,23,54,0.3,48.92755,-121.19713
snotel,711,2018,2,23,54,0.7,48.51865,-120.7358
snotel,1184,2018,2,23,54,0.0,38.7882,-111.68892
snotel,1271,2018,2,23,54,0.3,33.97142,-109.76528
snotel,759,2018,2,23,54,0.2,42.75333,-118.68785
snotel,972,2018,2,23,54,0.8,40.83033,-111.76457
snotel,1153,2018,2,23,54,-0.7,37.86943,-109.44717
snotel,463,2018,2,23,54,0.1,38.849,-120.0795
snotel,531,2018,2,23,54,-0.5,39.36127,-106.05978
snotel,948,2018,2,23,54,-1.0,65.25113,-146.15133
snotel,947,2018,2,23,54,-0.4,65.12422,-146.7339
snotel,1039,2018,2,23,54,0.4,40.283,-111.60992
snotel,521,2018,2,23,54,-0.3,40.95009,-110.48419
snotel,518,2018,2,23,54,0.1,38.92431,-119.91641
snotel,424,2018,2,23,54,0.0,44.43672,-111.99348
snotel,368,2018,2,23,54,-1.0,40.58102,-110.58587
snotel,1116,2018,2,23,54,-3.8,40.5502,-110.3529
snotel,1054,2018,2,23,54,0.4,40.992,-111.81702
snotel,824,2018,2,23,54,0.5,46.11868,-117.8505
snotel,515,2018,2,23,54,0.7,48.72047,-120.6586
snotel,728,2018,2,23,54,0.1,48.65518,-119.8383
snotel,736,2018,2,23,54,0.4,45.00107,-117.16522
snotel,498,2018,2,23,54,-0.3,41.67032,-117.56668
snotel,1140,2018,2,23,54,0.4,34.45547,-111.38272
snotel,1000,2018,2,23,54,1.3,42.87007,-122.16518
snotel,640,2018,2,23,54,0.6,34.94109,-111.51849
snotel,1090,2018,2,23,54,-0.4,65.3671,-146.592
snotel,822,2018,2,23,54,36.5,43.74902,-110.0578
snotel,417,2018,2,23,54,-0.9,40.27551,-115.54017
snotel,1191,2018,2,23,54,0.1,59.08332,-154.27543
snotel,1135,2018,2,23,54,-0.1,40.98492,-110.85075
snotel,708,2018,2,23,54,-0.5,35.92244,-106.39203
snotel,572,2018,2,23,54,0.1,38.48226,-109.27198
snotel,633,2018,2,23,54,-1.3,38.6683,-119.6087
snotel,1208,2018,2,23,54,-2.7,41.33981,-116.98044
snotel,1047,2018,2,23,54,0.1,41.07053,-106.94283
snotel,306,2018,2,23,54,0.3,43.7569,-115.23907
snotel,361,2018,2,23,54,1.1,44.83052,-118.18787
snotel,871,2018,2,23,54,-0.8,42.01257,-115.00278
snotel,979,2018,2,23,54,222.22,44.37665,-116.3366
snotel,1049,2018,2,23,54,-0.3,38.68245,-119.9597
snotel,1278,2018,2,23,54,-0.3,38.94569,-112.15349
snotel,1175,2018,2,23,54,-0.6,67.93333,-162.28333
snotel,1110,2018,2,23,54,-2.9,36.2493,-115.62972
snotel,1099,2018,2,23,54,-2.7,38.07125,-112.16788
snotel,481,2018,2,23,54,-0.2,40.71785,-110.46721
snotel,432,2018,2,23,54,-3.2,40.35747,-111.08993
snotel,967,2018,2,23,54,-0.7,62.13333,-150.04167
snotel,1046,2018,2,23,54,0.3,41.23837,-106.23095
snotel,831,2018,2,23,54,0.3,42.76393,-110.5914
snotel,529,2018,2,23,54,0.3,43.66917,-122.56877
snotel,735,2018,2,23,54,0.7,46.46633,-114.63333
snotel,1065,2018,2,23,54,0.1,37.49617,-113.94235
snotel,798,2018,2,23,54,-1.0,44.7225,-107.40033
snotel,679,2018,2,23,54,0.5,46.78265,-121.74765
snotel,907,2018,2,23,54,-1.3,37.52217,-112.27118
snotel,1034,2018,2,23,54,0.0,33.40472,-105.78722
snotel,540,2018,2,23,54,-1.0,39.49001,-120.28226
snotel,1176,2018,2,23,54,-12.7,59.58783,-135.2105
snotel,896,2018,2,23,54,1.0,40.86833,-111.71865
snotel,571,2018,2,23,54,-0.9,42.43583,-105.86083
snotel,749,2018,2,23,54,0.1,43.20933,-111.68777
snotel,697,2018,2,23,54,0.1,38.50576,-119.62624
snotel,321,2018,2,23,54,-0.1,41.83417,-115.45222
snotel,653,2018,2,23,54,0.3,45.26522,-117.17373
snotel,814,2018,2,23,54,-2.3,40.6235,-111.53322
snotel,340,2018,2,23,54,0.0,39.455,-119.9422
snotel,596,2018,2,23,54,0.5,40.83731,-111.70965
snotel,450,2018,2,23,54,0.0,43.6025,-114.67417
snotel,490,2018,2,23,54,-0.3,43.87497,-114.71363
snotel,522,2018,2,23,54,-3.2,40.90663,-109.96287
snotel,1210,2018,2,23,54,-3.4,39.08527,-114.89971
snotel,1118,2018,2,23,54,0.1,41.22155,-111.35947
snotel,853,2018,2,23,54,0.5,37.575,-112.90155
snotel,577,2018,2,23,54,0.2,44.20862,-110.66628
snotel,1206,2018,2,23,54,-0.8,41.2687,-116.8033
snotel,484,2018,2,23,54,0.5,42.0505,-111.6012
snotel,359,2018,2,23,54,0.2,42.16389,-114.1925
snotel,497,2018,2,23,54,-0.1,43.34298,-110.43495
snotel,684,2018,2,23,54,0.7,40.76184,-111.62917
snotel,809,2018,2,23,54,0.0,39.17162,-120.15362
snotel,554,2018,2,23,54,0.2,42.2689,-110.8056
snotel,834,2018,2,23,54,-0.2,39.30087,-120.18407
snotel,957,2018,2,23,54,-5.4,68.12983,-149.47817
snotel,573,2018,2,23,54,-0.2,41.77637,-116.02957
snotel,971,2018,2,23,54,0.9,40.93417,-111.81372
snotel,1217,2018,2,23,54,-1.4,39.49667,-111.72508
snotel,1150,2018,2,23,54,-4.9,39.5579,-114.62762
snotel,1139,2018,2,23,54,-1.3,35.26247,-112.06231
snotel,1151,2018,2,23,54,-0.1,41.91562,-113.41154
snotel,546,2018,2,23,54,-0.1,44.4203,-111.38512
snotel,906,2018,2,23,54,0.0,40.56533,-112.17343
snotel,393,2018,2,23,54,0.3,40.88529,-111.06954
snotel,1212,2018,2,23,54,1.3,34.86136,-111.60503
snotel,990,2018,2,23,54,0.8,48.8793,-121.2555
snotel,1261,2018,2,23,54,-2.9,38.07,-110.77241
snotel,1155,2018,2,23,54,-0.2,39.46138,-114.64863
snotel,644,2018,2,23,54,0.7,48.36163,-119.08159
snotel,714,2018,2,23,54,-0.2,39.45197,-111.27221
snotel,1247,2018,2,23,54,-0.6,39.74104,-113.98262
snotel,435,2018,2,23,54,0.2,40.2953,-111.25677
snotel,1006,2018,2,23,54,-0.9,40.35757,-116.86492
snotel,1113,2018,2,23,54,0.6,41.88573,-111.56918
snotel,772,2018,2,23,54,0.0,41.32943,-106.50248
snotel,707,2018,2,23,54,0.6,47.87927,-117.08938
snotel,569,2018,2,23,54,-0.5,41.51542,-117.63197
snotel,541,2018,2,23,54,0.4,39.42752,-120.31342
snotel,1159,2018,2,23,54,1.4,48.9516,-118.9864
snotel,333,2018,2,23,54,0.4,41.38291,-111.92103
snotel,1177,2018,2,23,54,-9.4,70.26666,-148.56666
snotel,652,2018,2,23,54,-0.1,39.31573,-119.89473
snotel,922,2018,2,23,54,-0.9,35.76694,-105.78333
snotel,2029,2018,2,23,54,-0.1,43.28868,-116.84923
snotel,1148,2018,2,23,54,-1.3,37.70463,-112.65037
snotel,840,2018,2,23,54,-0.7,37.48576,-106.83535
snotel,366,2018,2,23,54,-0.1,40.59936,-111.58167
snotel,1134,2018,2,23,54,-0.3,42.5801,-109.0883
snotel,505,2018,2,23,54,-0.3,39.64631,-105.86973
snotel,575,2018,2,23,54,0.0,38.30367,-119.55111
snotel,1244,2018,2,23,54,-0.1,40.86293,-115.12067
snotel,790,2018,2,23,54,0.1,40.90862,-110.50462
snotel,1168,2018,2,23,54,-1.8,36.58203,-105.45611
snotel,1173,2018,2,23,54,0.8,36.005,-106.54838
snotel,1222,2018,2,23,54,-0.3,39.30229,-111.45383
snotel,369,2018,2,23,54,0.3,39.08766,-106.5417
snotel,310,2018,2,23,54,0.7,33.97883,-109.50344
snotel,1081,2018,2,23,54,0.4,47.85583,-117.03667
snotel,1098,2018,2,23,54,0.2,41.86425,-111.50603
snotel,973,2018,2,23,54,-0.7,64.53482,-163.4214
snotel,1136,2018,2,23,54,0.4,41.3187,-116.3408
snotel,950,2018,2,23,54,nan,64.85033,-146.20945
snotel,730,2018,2,23,54,0.5,42.5075,-110.9099
snotel,1227,2018,2,23,54,-1.0,39.4155,-111.2491
snotel,1013,2018,2,23,54,1.4,41.793,-111.54605
snotel,1223,2018,2,23,54,0.0,40.18538,-111.35971
snotel,874,2018,2,23,54,67.81,37.47922,-106.8017
snotel,764,2018,2,23,54,0.4,44.13361,-110.66917
snotel,1017,2018,2,23,54,0.1,36.02635,-106.81362
snotel,969,2018,2,23,54,-0.1,34.74598,-111.41207
snotel,1225,2018,2,23,54,0.6,40.67505,-111.21765
snotel,543,2018,2,23,54,-2.5,39.89166,-110.74604
snotel,844,2018,2,23,54,0.0,39.93667,-112.41478
snotel,1084,2018,2,23,54,0.5,45.24755,-123.27563
snotel,942,2018,2,23,54,1.4,47.0444,-121.94032
snotel,767,2018,2,23,54,0.6,43.94885,-119.54013
snotel,373,2018,2,23,54,-0.2,41.75067,-117.53182
snotel,1154,2018,2,23,54,-1.1,37.67994,-112.85674
snotel,1067,2018,2,23,54,0.3,38.6927,-120.0022
snotel,428,2018,2,23,54,1.0,39.32565,-120.36807
snotel,549,2018,2,23,54,0.1,41.5136,-116.0117
snotel,1138,2018,2,23,54,-2.4,36.17728,-108.94691
snotel,1249,2018,2,23,54,-4.3,38.048,-111.33981
snotel,1215,2018,2,23,54,-0.5,38.48167,-109.29164
snotel,1014,2018,2,23,54,-0.6,39.7956,-106.0273
snotel,537,2018,2,23,54,2.5,43.71058,-114.15893
snotel,1142,2018,2,23,54,0.3,46.495,-115.79612
snotel,425,2018,2,23,54,0.4,46.56306,-115.28833
snotel,1205,2018,2,23,54,-5.4,39.23305,-114.2429
snotel,763,2018,2,23,54,-0.2,40.78931,-111.09192
snotel,985,2018,2,23,54,-0.1,46.23718,-117.39438
snotel,861,2018,2,23,54,2.6,35.14202,-112.14915
snotel,339,2018,2,23,54,-1.6,38.30183,-112.35672
snotel,1042,2018,2,23,54,-0.5,40.20105,-105.60248
snotel,495,2018,2,23,54,-0.2,38.80034,-111.68333
snotel,1089,2018,2,23,54,-1.7,62.63,-150.77617
snotel,864,2018,2,23,54,-1.3,39.9645,-110.98845
snotel,724,2018,2,23,54,-0.2,38.99927,-120.13139
snotel,587,2018,2,23,54,-3.7,38.43745,-119.36572
snotel,1141,2018,2,23,54,-0.1,38.99077,-106.75422
snotel,1145,2018,2,23,54,-0.1,41.24764,-111.41249
snotel,833,2018,2,23,54,-2.1,40.739,-109.6728
snotel,810,2018,2,23,54,0.7,42.69108,-121.42592
snotel,1152,2018,2,23,54,-4.0,39.16337,-114.6133
snotel,701,2018,2,23,54,-0.6,38.48884,-106.33965
snotel,938,2018,2,23,54,-1.1,39.3035,-106.11307
snotel,548,2018,2,23,54,-0.5,41.54675,-116.00517
snotel,1153,2018,2,23,54,-0.7,37.86943,-109.44717
snotel,865,2018,2,23,54,-2.3,37.83633,-111.88163
snotel,1053,2018,2,23,54,0.6,48.72263,-116.46312
snotel,820,2018,2,23,54,-0.3,40.42817,-111.61633
snotel,1033,2018,2,23,54,0.4,40.79488,-106.59535
snotel,474,2018,2,23,54,0.4,40.97462,-111.80975
snotel,989,2018,2,23,54,0.6,46.805,-116.8535
snotel,1055,2018,2,23,54,-0.3,61.19112,-145.64807
snotel,392,2018,2,23,54,0.2,40.85464,-111.04765
snotel,387,2018,2,23,54,0.0,37.658,-107.80268
snotel,401,2018,2,23,54,1.0,45.18832,-121.6916
snotel,867,2018,2,23,54,0.0,42.75743,-112.47783
snotel,1194,2018,2,23,54,-2.6,41.48953,-118.99663
snotel,747,2018,2,23,54,nan,46.56611,-115.74194
snotel,939,2018,2,23,54,-2.8,39.03333,-106.08333
snotel,715,2018,2,23,54,2.5,36.69925,-105.34125
snotel,784,2018,2,23,54,0.2,39.18986,-120.26576
snotel,485,2018,2,23,54,-0.4,39.37991,-106.19681
snotel,1083,2018,2,23,54,0.6,36.12778,-105.52714
snotel,1056,2018,2,23,54,0.5,41.35883,-111.48747
snotel,1258,2018,2,23,54,0.4,41.98609,-120.71574
snotel,1115,2018,2,23,54,0.5,41.96769,-111.59713
snotel,774,2018,2,23,54,-0.4,42.76478,-116.90037
snotel,475,2018,2,23,54,-0.4,38.77246,-111.67662
snotel,356,2018,2,23,54,-1.4,38.608,-119.92437
snotel,1195,2018,2,23,54,0.1,40.88358,-117.58812
snotel,720,2018,2,23,54,-5.5,40.54875,-110.69292
snotel,430,2018,2,23,54,-6.8,37.20945,-105.19959
snotel,1092,2018,2,23,54,-2.9,60.19033,-149.62117
snotel,1197,2018,2,23,54,-0.8,37.74797,-112.77495
snotel,968,2018,2,23,54,-2.8,68.61683,-149.30017
snotel,1037,2018,2,23,54,-0.7,59.69867,-150.70967
snotel,330,2018,2,23,54,0.1,40.61233,-111.09782
snotel,640,2018,2,23,54,0.6,34.94109,-111.51849
snotel,493,2018,2,23,54,-0.9,42.4132,-111.1663
snotel,634,2018,2,23,54,0.1,41.46547,-111.49688
snotel,399,2018,2,23,54,-0.3,39.86671,-111.28363
snotel,1049,2018,2,23,54,-0.3,38.68245,-119.9597
snotel,698,2018,2,23,54,-0.4,41.87306,-115.24694
snotel,1170,2018,2,23,54,-0.1,36.40848,-105.33063
snotel,1050,2018,2,23,54,-2.8,38.83652,-119.88732
snotel,2029,2018,2,23,54,-0.1,43.28868,-116.84923
snotel,1236,2018,2,23,54,-2.6,39.65795,-110.37906
snotel,574,2018,2,23,54,0.0,38.27594,-119.61281
snotel,1085,2018,2,23,54,0.5,46.86954,-121.5343
snotel,766,2018,2,23,54,0.0,40.564,-111.655
snotel,1051,2018,2,23,54,-0.7,38.71943,-119.8942
snotel,688,2018,2,23,54,-0.7,40.39937,-105.84757
snotel,1146,2018,2,23,54,-0.8,39.3485,-112.32639
snotel,1046,2018,2,23,54,0.3,41.23837,-106.23095
snotel,335,2018,2,23,54,-0.2,39.80392,-105.77789
snotel,610,2018,2,23,54,0.0,42.18072,-114.28662
snotel,694,2018,2,23,54,-0.2,38.88185,-112.24915
snotel,1243,2018,2,23,54,0.2,40.8638,-115.22014
snotel,987,2018,2,23,54,-0.1,59.35065,-151.84768
snotel,396,2018,2,23,54,-1.5,40.77458,-110.0105
snotel,792,2018,2,23,54,1.3,43.86117,-114.20902
snotel,586,2018,2,23,54,-0.7,37.79926,-107.92426
snotel,1221,2018,2,23,54,-0.2,39.32019,-111.48827
snotel,460,2018,2,23,54,0.1,43.13097,-110.2023
snotel,374,2018,2,23,54,0.6,41.68541,-111.41987
snotel,732,2018,2,23,54,0.5,41.11172,-107.1706
snotel,770,2018,2,23,54,0.2,42.95275,-111.35933
snotel,582,2018,2,23,54,-0.3,41.40562,-111.82607
snotel,778,2018,2,23,54,-0.2,38.66627,-119.81741
snotel,935,2018,2,23,54,-1.1,39.56667,-105.8
snotel,533,2018,2,23,54,0.0,41.31372,-111.44624
snotel,1242,2018,2,23,54,-1.2,39.25259,-119.8771
snotel,1082,2018,2,23,54,0.0,43.77933,-110.92783
snotel,742,2018,2,23,54,-1.7,39.31042,-111.43297
snotel,895,2018,2,23,54,-1.6,43.7685,-114.41812
snotel,454,2018,2,23,54,-0.7,41.66198,-115.32397
snotel,983,2018,2,23,54,-3.2,37.9725,-111.83355
snotel,849,2018,2,23,54,-2.8,39.13242,-114.95575
snotel,846,2018,2,23,54,-3.2,38.07298,-119.23433
snotel,1030,2018,2,23,54,-0.5,40.35098,-106.38142
snotel,626,2018,2,23,54,-1.1,37.56933,-112.83849
snotel,395,2018,2,23,54,-0.7,43.22625,-121.80662
snotel,966,2018,2,23,54,-0.4,60.727,-150.47517
snotel,921,2018,2,23,54,0.2,35.7043,-105.80675
snotel,1192,2018,2,23,54,0.7,40.84456,-110.66068
snotel,532,2018,2,23,54,-0.4,36.71631,-106.26348
snotel,1202,2018,2,23,54,-0.2,40.97852,-115.17218
snotel,334,2018,2,23,54,-1.9,39.31917,-114.62278
snotel,654,2018,2,23,54,-3.3,42.6004,-116.55925
snotel,872,2018,2,23,54,-0.5,42.2802,-105.57816
snotel,839,2018,2,23,54,-2.2,37.72194,-107.26015
snotel,914,2018,2,23,54,-1.3,37.85164,-105.43614
snotel,848,2018,2,23,54,0.0,39.13545,-120.21865
snotel,949,2018,2,23,54,-0.6,65.07833,-145.87067
snotel,963,2018,2,23,54,-2.0,63.94382,-145.39993
snotel,1156,2018,2,23,54,-1.8,38.49746,-112.00779
snotel,337,2018,2,23,54,-0.5,39.29148,-117.11506
snotel,1066,2018,2,23,54,-1.3,37.40083,-113.45988
snotel,762,2018,2,23,54,-1.6,37.9908,-107.20327
snotel,1117,2018,2,23,54,-0.4,40.83868,-110.00527
snotel,720,2018,2,23,54,-5.5,40.54875,-110.69292
snotel,1016,2018,2,23,54,-0.6,44.78835,-116.08878
snotel,583,2018,2,23,54,0.6,37.48631,-113.84582
snotel,645,2018,2,23,54,0.4,48.05737,-116.23052
snotel,348,2018,2,23,54,-1.1,38.6799,-111.59765
snotel,1059,2018,2,23,54,-2.7,38.16283,-106.59883
snotel,1277,2018,2,23,54,-1.0,40.68799,-120.60805
snotel,828,2018,2,23,54,0.6,40.678,-110.94873
snotel,992,2018,2,23,54,0.6,40.8852,-110.8277
snotel,821,2018,2,23,54,0.5,44.65567,-118.42617
snotel,811,2018,2,23,54,-2.3,41.2287,-116.0293
snotel,816,2018,2,23,54,0.6,44.36917,-110.57717
snotel,737,2018,2,23,54,-0.1,39.01522,-107.04877
snotel,1163,2018,2,23,54,0.2,40.88472,-110.54056
snotel,686,2018,2,23,54,0.0,39.92976,-111.63109
snotel,1111,2018,2,23,54,-2.6,36.31575,-115.69543
snotel,1094,2018,2,23,54,-0.9,63.30533,-147.64633
snotel,615,2018,2,23,54,-0.4,39.16395,-119.89672
snotel,1280,2018,2,23,54,-0.4,39.92076,-111.71802
snotel,706,2018,2,23,54,0.7,42.31923,-120.82533
snotel,823,2018,2,23,54,0.7,41.89833,-111.62957
snotel,621,2018,2,23,54,-3.1,38.30285,-112.43637
snotel,691,2018,2,23,54,0.3,39.01219,-111.58259
snotel,682,2018,2,23,54,-1.0,39.04644,-107.87414
snotel,831,2018,2,23,54,0.3,42.76393,-110.5914
snotel,1271,2018,2,23,54,0.3,33.97142,-109.76528
snotel,550,2018,2,23,54,-0.3,44.05092,-115.44322
snotel,400,2018,2,23,54,-0.2,39.89275,-111.25154
snotel,539,2018,2,23,54,-1.0,39.45269,-120.29367
snotel,570,2018,2,23,54,-0.2,40.6448,-115.3812
snotel,312,2018,2,23,54,0.0,44.30342,-115.23447
snotel,960,2018,2,23,54,-2.2,65.48588,-145.41212
snotel,1114,2018,2,23,54,0.0,41.9215,-111.4693
snotel,1207,2018,2,23,54,0.4,41.8928,-115.8582
snotel,559,2018,2,23,54,-0.5,40.71632,-109.54401
snotel,1216,2018,2,23,54,-0.7,39.61774,-111.30576
snotel,795,2018,2,23,54,0.0,40.16483,-111.20665
snotel,1034,2018,2,23,54,0.0,33.40472,-105.78722
snotel,1196,2018,2,23,54,0.9,41.37833,-106.34681
snotel,1045,2018,2,23,54,-1.8,41.2287,-105.38278
snotel,524,2018,2,23,54,-2.2,44.01897,-113.4723
snotel,1251,2018,2,23,54,0.6,40.13697,-105.58625
snotel,1062,2018,2,23,54,0.0,59.85972,-151.315
snotel,491,2018,2,23,54,-0.2,36.19446,-105.55795
snotel,593,2018,2,23,54,-0.4,37.48756,-112.51458
snotel,455,2018,2,23,54,0.3,41.41289,-111.5377
snotel,380,2018,2,23,54,73.51,38.89433,-106.953
snotel,462,2018,2,23,54,0.6,38.5497,-119.80468
snotel,444,2018,2,23,54,-1.0,39.04554,-111.46875
snotel,579,2018,2,23,54,-0.6,40.86493,-110.79813
snotel,332,2018,2,23,54,0.6,41.37603,-111.94405
snotel,342,2018,2,23,54,0.1,42.64682,-109.25965
snotel,803,2018,2,23,54,0.1,47.55545,-115.82422
snotel,508,2018,2,23,54,0.7,38.8519,-119.9374
snotel,1204,2018,2,23,54,-0.3,41.6716,-116.0703
snotel,805,2018,2,23,54,-0.5,43.626,-113.96887
snotel,802,2018,2,23,54,-0.1,39.71796,-106.15802
snotel,1112,2018,2,23,54,-5.8,36.30537,-115.67508
snotel,612,2018,2,23,54,-0.6,39.68338,-111.31818
snotel,771,2018,2,23,54,-1.0,38.31021,-119.6003
snotel,1052,2018,2,23,54,-4.2,38.39747,-119.53522
snotel,1226,2018,2,23,54,-0.2,39.23803,-111.51998
snotel,926,2018,2,23,54,-0.3,43.72718,-113.83402
snotel,752,2018,2,23,54,0.5,46.95028,-116.33972
snotel,1203,2018,2,23,54,-2.3,41.4081,-115.4466
snotel,336,2018,2,23,54,-0.7,41.76168,-115.6931
snotel,1224,2018,2,23,54,-0.6,39.13648,-111.50527
snotel,723,2018,2,23,54,-0.8,40.44293,-112.22377
snotel,958,2018,2,23,54,-0.2,67.25333,-150.183
snotel,631,2018,2,23,54,0.1,40.49384,-112.61141
snotel,1147,2018,2,23,54,-2.0,39.00995,-114.31021
snotel,308,2018,2,23,54,4.6,34.4566,-111.40643
snotel,744,2018,2,23,54,0.0,36.00198,-106.83348
snotel,978,2018,2,23,54,1.2,43.76377,-116.09685
snotel,1015,2018,2,23,54,0.1,41.401,-107.25717
snotel,329,2018,2,23,54,0.5,39.13683,-111.55813
snotel,503,2018,2,23,54,0.1,40.3848,-115.52757
snotel,557,2018,2,23,54,-0.7,38.48383,-112.39273
snotel,364,2018,2,23,54,-1.4,38.50809,-112.01856
snotel,746,2018,2,23,54,-1.1,41.73732,-115.47215
snotel,342,2018,2,23,54,0.1,42.64682,-109.25965
snotel,955,2018,2,23,54,-0.6,60.61713,-149.53128
snotel,1097,2018,2,23,54,-2.8,39.67712,-110.43395
snotel,1262,2018,2,23,54,0.0,41.57022,-115.93645
MHAWD,alb,2018,2,23,54,0.39,40.241061,-94.343492
MHAWD,ver,2018,2,23,54,4.83,38.4347,-92.853733
MHAWD,cap,2018,2,23,54,4.06,38.929237,-92.321297
MHAWD,pvl,2018,2,23,54,12.78,36.413728,-89.69996
scan,2074,2018,2,23,54,0.4,42.02,-121.39
scan,2187,2018,2,23,54,-0.7,37.37,-117.97
scan,2154,2018,2,23,54,-0.9,40.39,-109.35
scan,2018,2018,2,23,54,-6.2,42.07,-104.13
scan,2057,2018,2,23,54,15.0,34.78,-86.55
scan,2152,2018,2,23,54,1.8,40.59,-112.39
scan,2167,2018,2,23,54,2.0,40.17,-113.02
scan,2197,2018,2,23,54,-3.2,40.82,-104.71
scan,2037,2018,2,23,54,15.4,34.3,-79.73
scan,2144,2018,2,23,54,-2.8,36.57,-115.2
scan,2199,2018,2,23,54,9.5,31.48,-96.88
scan,2077,2018,2,23,54,14.0,35.14,-86.19
scan,2003,2018,2,23,54,0.2,45.47,-88.58
scan,2068,2018,2,23,54,-2.1,42.43,-95.77
scan,2117,2018,2,23,54,-2.9,48.3,-111.92
scan,2050,2018,2,23,54,-2.5,47.72,-96.27
scan,2064,2018,2,23,54,16.5,33.63,-88.77
scan,2034,2018,2,23,54,10.7,34.68,-90.42
scan,2046,2018,2,23,54,11.5,33.97,-90.9
scan,2109,2018,2,23,54,12.5,33.66,-90.57
scan,2196,2018,2,23,54,-0.6,42.71,-90.39
scan,2122,2018,2,23,54,24.1,18.03,-66.53
scan,2073,2018,2,23,54,2.7,41.8,-81.08
scan,2129,2018,2,23,54,0.4,38.34,-113.01
scan,2076,2018,2,23,54,13.6,35.07,-86.89
scan,2147,2018,2,23,54,0.5,39.05,-95.19
scan,2198,2018,2,23,54,0.2,46.78,-117.08
scan,2033,2018,2,23,54,15.9,32.75,-90.93
scan,2200,2018,2,23,54,8.4,31.55,-100.51
scan,2126,2018,2,23,54,-1.7,39.37,-111.58
scan,2215,2018,2,23,54,-5.6,38.26,-119.13
scan,2106,2018,2,23,54,4.3,33.63,-102.75
scan,2068,2018,2,23,54,-2.1,42.43,-95.77
scan,2127,2018,2,23,54,0.5,39.19,-112.4
scan,2032,2018,2,23,54,14.0,33.38,-90.65
scan,2053,2018,2,23,54,16.0,34.9,-86.53
scan,2220,2018,2,23,54,5.0,39.15,-90.78
scan,2179,2018,2,23,54,13.8,34.18,-87.46
scan,2014,2018,2,23,54,6.5,39.95,-83.45
scan,2110,2018,2,23,54,16.6,32.86,-90.52
scan,2033,2018,2,23,54,15.9,32.75,-90.93
scan,2205,2018,2,23,54,18.9,26.16,-97.96
scan,2042,2018,2,23,54,0.7,43.05,-73.03
scan,2196,2018,2,23,54,-0.6,42.71,-90.39
scan,2114,2018,2,23,54,17.1,32.61,-88.2
scan,2014,2018,2,23,54,6.5,39.95,-83.45
scan,808,2018,2,23,54,-2.5,45.8,-111.59
scan,2016,2018,2,23,54,14.1,30.08,-95.98
scan,2037,2018,2,23,54,15.4,34.3,-79.73
scan,2153,2018,2,23,54,-1.5,41.77,-113.29
scan,2202,2018,2,23,54,6.4,34.02,-99.25
scan,808,2018,2,23,54,-2.5,45.8,-111.59
scan,2137,2018,2,23,54,0.3,39.65,-111.87
scan,2055,2018,2,23,54,15.8,34.45,-86.15
scan,2219,2018,2,23,54,5.2,34.97,-119.48
scan,2172,2018,2,23,54,-2.7,36.09,-106.06
scan,2026,2018,2,23,54,2.5,31.73,-110.05
scan,2088,2018,2,23,54,9.0,37.92,-79.2
scan,2049,2018,2,23,54,8.4,39.02,-76.85
scan,2113,2018,2,23,54,17.2,34.19,-86.8
scan,2092,2018,2,23,54,4.6,37.13,-97.09
scan,2038,2018,2,23,54,16.9,32.67,-81.2
scan,2021,2018,2,23,54,-3.7,47.0,-118.57
scan,2074,2018,2,23,54,0.4,42.02,-121.39
scan,2001,2018,2,23,54,0.3,40.85,-96.47
scan,2180,2018,2,23,54,19.7,30.52,-87.7
scan,2105,2018,2,23,54,5.6,33.55,-102.37
scan,2121,2018,2,23,54,-5.5,47.52,-107.13
scan,2147,2018,2,23,54,0.5,39.05,-95.19
scan,2158,2018,2,23,54,0.2,37.51,-111.26
scan,2024,2018,2,23,54,13.9,34.25,-89.87
scan,2069,2018,2,23,54,1.2,43.93,-71.72
scan,2108,2018,2,23,54,3.3,33.53,-103.63
scan,2134,2018,2,23,54,-3.6,40.37,-110.41
scan,2140,2018,2,23,54,-0.7,37.45,-109.34
scan,2192,2018,2,23,54,-1.6,40.62,-120.72
scan,2045,2018,2,23,54,17.8,18.15,-66.77
scan,2006,2018,2,23,54,3.5,35.17,-102.1
scan,2079,2018,2,23,54,11.9,37.19,-86.04
scan,2133,2018,2,23,54,-0.2,41.0,-111.69
scan,2079,2018,2,23,54,11.9,37.19,-86.04
scan,2159,2018,2,23,54,1.3,37.11,-113.36
scan,2002,2018,2,23,54,-3.2,45.42,-93.95
scan,2104,2018,2,23,54,6.5,33.62,-102.04
scan,2132,2018,2,23,54,-1.6,39.53,-110.81
scan,2203,2018,2,23,54,5.9,32.25,-98.2
scan,2166,2018,2,23,54,-1.4,38.31,-109.24
scan,2152,2018,2,23,54,1.8,40.59,-112.39
scan,2125,2018,2,23,54,-1.7,38.15,-112.25
scan,2178,2018,2,23,54,16.3,32.41,-85.91
scan,2070,2018,2,23,54,12.6,33.62,-91.1
scan,2194,2018,2,23,54,5.9,37.0,-92.26
scan,2015,2018,2,23,54,2.0,34.25,-105.42
scan,2061,2018,2,23,54,3.9,38.87,-94.03
scan,2173,2018,2,23,54,14.7,34.82,-87.99
scan,2189,2018,2,23,54,3.9,35.12,-119.6
scan,2182,2018,2,23,54,17.0,31.02,-85.04
scan,2090,2018,2,23,54,8.9,35.21,-92.92
scan,2085,2018,2,23,54,11.0,35.28,-90.45
scan,2094,2018,2,23,54,0.7,39.7,-96.16
scan,2218,2018,2,23,54,1.6,40.79,-122.55
scan,2056,2018,2,23,54,14.7,34.43,-86.68
scan,2116,2018,2,23,54,-2.4,40.03,-118.18
scan,2091,2018,2,23,54,11.0,34.28,-91.35
scan,2082,2018,2,23,54,19.1,30.47,-88.74
scan,2005,2018,2,23,54,12.1,37.1,-87.83
scan,2185,2018,2,23,54,4.1,34.67,-115.17
scan,2080,2018,2,23,54,-7.3,63.35,-142.98
scan,2019,2018,2,23,54,nan,48.48,-109.8
scan,2183,2018,2,23,54,10.3,33.8,-115.31
scan,2002,2018,2,23,54,-3.2,45.42,-93.95
scan,2155,2018,2,23,54,-2.6,40.18,-110.3
scan,2136,2018,2,23,54,0.5,41.82,-111.98
scan,2138,2018,2,23,54,-1.8,37.67,-109.36
scan,2048,2018,2,23,54,10.1,36.78,-89.93
scan,2020,2018,2,23,54,-6.2,46.77,-100.92
scan,2170,2018,2,23,54,-1.8,39.47,-117.62
scan,2084,2018,2,23,54,10.7,34.78,-90.82
scan,2185,2018,2,23,54,4.1,34.67,-115.17
scan,2119,2018,2,23,54,-3.7,47.06,-109.95
scan,2003,2018,2,23,54,0.2,45.47,-88.58
scan,2128,2018,2,23,54,-0.3,37.63,-113.64
scan,2047,2018,2,23,54,nan,40.25,-93.72
scan,2075,2018,2,23,54,14.3,35.06,-86.59
scan,2184,2018,2,23,54,4.3,33.65,-115.1
scan,2089,2018,2,23,54,11.8,36.63,-80.13
scan,2145,2018,2,23,54,-1.5,36.37,-115.82
scan,2130,2018,2,23,54,-0.2,37.78,-109.17
scan,2121,2018,2,23,54,-5.5,47.52,-107.13
scan,2022,2018,2,23,54,2.6,35.55,-98.02
scan,2169,2018,2,23,54,2.9,34.77,-106.76
scan,2149,2018,2,23,54,-0.6,37.78,-118.42
scan,2086,2018,2,23,54,15.2,33.09,-90.51
scan,2139,2018,2,23,54,-1.5,38.01,-109.13
scan,2157,2018,2,23,54,-2.0,37.87,-112.43
scan,2115,2018,2,23,54,17.0,32.43,-85.75
scan,2121,2018,2,23,54,-5.5,47.52,-107.13
scan,2118,2018,2,23,54,-4.8,48.44,-111.18
scan,2169,2018,2,23,54,2.9,34.77,-106.76
scan,808,2018,2,23,54,-2.5,45.8,-111.59
scan,2087,2018,2,23,54,14.2,33.0,-91.06
scan,2025,2018,2,23,54,12.8,34.23,-89.9
scan,2215,2018,2,23,54,-5.6,38.26,-119.13
scan,2155,2018,2,23,54,-2.6,40.18,-110.3
scan,2072,2018,2,23,54,-3.7,43.74,-96.61
scan,2141,2018,2,23,54,-1.3,36.27,-115.61
scan,2165,2018,2,23,54,-0.9,39.99,-114.0
scan,2176,2018,2,23,54,16.7,32.4,-86.89
scan,2160,2018,2,23,54,-1.5,41.78,-113.82
scan,2156,2018,2,23,54,-0.4,38.37,-112.64
scan,2011,2018,2,23,54,3.2,42.88,-77.03
scan,2086,2018,2,23,54,15.2,33.09,-90.51
scan,2194,2018,2,23,54,5.9,37.0,-92.26
scan,2093,2018,2,23,54,-0.9,39.79,-99.33
scan,2017,2018,2,23,54,-3.2,40.87,-104.73
scan,2191,2018,2,23,54,-2.6,37.63,-118.83
scan,2161,2018,2,23,54,-0.1,37.36,-113.12
scan,2009,2018,2,23,54,18.6,30.3,-84.42
scan,2078,2018,2,23,54,15.2,34.89,-86.6
scan,2109,2018,2,23,54,12.5,33.66,-90.57
scan,2174,2018,2,23,54,17.0,33.11,-88.31
scan,2135,2018,2,23,54,-0.5,41.94,-112.43
scan,15,2018,2,23,54,19.4,18.15,-67.0
scan,2081,2018,2,23,54,-0.9,64.69,-148.91
scan,2164,2018,2,23,54,-2.8,38.59,-113.75
scan,2032,2018,2,23,54,14.0,33.38,-90.65
scan,2030,2018,2,23,54,nan,34.85,-91.88
scan,2163,2018,2,23,54,0.2,39.24,-113.46
scan,2201,2018,2,23,54,5.2,33.45,-99.87
scan,2142,2018,2,23,54,-2.6,36.37,-115.78
scan,2195,2018,2,23,54,3.4,39.23,-92.12
scan,2150,2018,2,23,54,-2.3,41.33,-111.3
scan,2065,2018,2,23,54,-0.4,61.58,-159.58
scan,2031,2018,2,23,54,nan,42.02,-93.73
scan,2162,2018,2,23,54,-0.8,37.19,-112.19
UGA,DALLAS,2018,2,23,54,17.33,33.89322,-84.83533
UGA,CLARKSHI,2018,2,23,54,17.72,33.65989,-82.19444
UGA,TENNILLE,2018,2,23,54,19.89,32.92698,-82.79782
UGA,HATLEY,2018,2,23,54,19.95,31.92156,-83.62568
UGA,HHERC,2018,2,23,54,21.28,31.73282,-84.39533
UGA,STATES,2018,2,23,54,21.28,32.48523,-81.81386
UGA,WANSLEY,2018,2,23,54,17.45,33.42236,-85.05521
UGA,PLAINS,2018,2,23,54,18.95,32.04676,-84.37102
UGA,CAIRO,2018,2,23,54,21.72,30.86181,-84.23141
UGA,ARLINGT,2018,2,23,54,20.56,31.35322,-84.63083
UGA,MCRAE,2018,2,23,54,20.61,32.077,-82.902
UGA,BLAIRSVI,2018,2,23,54,16.06,34.83897,-83.92807
UGA,MOULTRIE,2018,2,23,54,21.11,31.14589,-83.71642
UGA,NAHUNTA,2018,2,23,54,22.11,31.1799,-82.00861
UGA,SASSER,2018,2,23,54,19.33,31.70896,-84.36794
UGA,BYROMVIL,2018,2,23,54,20.89,32.18962,-83.87672
UGA,CAMILLA,2018,2,23,54,22.28,31.28008,-84.29161
UGA,UNADILLA,2018,2,23,54,20.06,32.25894,-83.66154
UGA,VIENNA,2018,2,23,54,20.22,32.1112,-83.67544
UGA,DEMPSEY,2018,2,23,54,18.78,33.25082,-84.29906
UGA,NEWTON,2018,2,23,54,20.11,31.22391,-84.4779
UGA,WOODBINE,2018,2,23,54,20.17,30.96235,-81.77383
UGA,ALPHARET,2018,2,23,54,15.56,34.09204,-84.22242
UGA,CORDELE,2018,2,23,54,22.0,32.02339,-83.94076
UGA,ALAPAHA,2018,2,23,54,20.67,31.34471,-83.24072
UGA,BOWEN,2018,2,23,54,21.56,31.48076,-83.43913
UGA,HOMERV,2018,2,23,54,21.5,31.02077,-82.66101
UGA,GEORGETO,2018,2,23,54,20.45,31.77596,-85.06052
UGA,OAKWOOD,2018,2,23,54,16.06,34.237,-83.87102
UGA,BLURIDGE,2018,2,23,54,16.45,34.88512,-84.3424
UGA,DULUTH,2018,2,23,54,18.89,33.99764,-84.19415
UGA,ELLIJAY,2018,2,23,54,16.83,34.6198,-84.37405
UGA,DUNWOODY,2018,2,23,54,17.11,33.98924,-84.3616
UGA,DONALSON,2018,2,23,54,22.61,31.01538,-84.87981
UGA,ATTAPUL,2018,2,23,54,20.89,30.76156,-84.48529
UGA,BYRON,2018,2,23,54,19.56,32.65755,-83.73745
UGA,FLOYD,2018,2,23,54,17.61,34.34328,-85.11632
UGA,STEAMILL,2018,2,23,54,22.34,30.96227,-84.94628
UGA,JONESB,2018,2,23,54,16.95,33.5218,-84.3139
UGA,BALLGND,2018,2,23,54,17.22,34.29298,-84.37622
UGA,SKIDAWAY,2018,2,23,54,17.06,31.94556,-81.03506
UGA,WATHORT,2018,2,23,54,17.83,33.88689,-83.41941
UGA,LAFAYET,2018,2,23,54,18.39,34.75989,-85.38421
UGA,SHELLMAN,2018,2,23,54,20.06,31.7447,-84.61144
UGA,DAHLON,2018,2,23,54,16.95,34.61074,-83.87932
UGA,DUCKER,2018,2,23,54,21.06,31.53322,-84.36933
UGA,CALLAWAY,2018,2,23,54,18.78,32.83638,-84.84425
UGA,CALHOUN,2018,2,23,54,17.06,34.55761,-84.81579
UGA,TIFTON,2018,2,23,54,20.28,31.49416,-83.52634
UGA,BRUNSW,2018,2,23,54,21.95,31.1855,-81.48283
UGA,COVING,2018,2,23,54,17.83,33.4385,-83.84468
UGA,JVILLE,2018,2,23,54,19.89,32.68256,-83.35946
UGA,DOUGLAS,2018,2,23,54,20.28,31.48864,-82.785
UGA,TYTY,2018,2,23,54,21.5,31.50911,-83.64813
UGA,FTVALLEY,2018,2,23,54,19.22,32.53069,-83.89024
UGA,WATUSDA,2018,2,23,54,18.0,33.8693,-83.44993
UGA,BAXLEY,2018,2,23,54,20.56,31.75127,-82.44431
UGA,BUTLER,2018,2,23,54,19.78,32.55125,-84.18727
UGA,GRIFFIN,2018,2,23,54,17.83,33.26291,-84.28384
UGA,ALTO,2018,2,23,54,16.72,34.41936,-83.64683
UGA,DANVILLE,2018,2,23,54,17.95,34.14541,-83.23844
UGA,SEMINOLE,2018,2,23,54,22.89,30.80932,-84.87761
UGA,VALDOSTA,2018,2,23,54,20.67,30.82442,-83.31546
UGA,PENFIELD,2018,2,23,54,18.28,33.72496,-83.30619
UGA,DIXIE,2018,2,23,54,21.5,30.79448,-83.66747
UGA,TIGER,2018,2,23,54,15.45,34.84738,-83.42718
UGA,NEWMAN,2018,2,23,54,19.22,31.78555,-84.48923
UGA,SAVANNAH,2018,2,23,54,17.33,31.99807,-81.26878
UGA,EATONTON,2018,2,23,54,17.83,33.39693,-83.48822
UGA,ALBANY,2018,2,23,54,21.84,31.55402,-84.05194
UGA,MIDVILLE,2018,2,23,54,20.0,32.8756,-82.21609
UGA,VIDALIA,2018,2,23,54,22.06,32.14,-82.34511
UGA,GAINES,2018,2,23,54,17.22,34.35205,-83.79279
UGA,DEARING,2018,2,23,54,20.28,33.36501,-82.40302
UGA,SPARTA,2018,2,23,54,18.95,33.2778,-82.96622
UGA,DAWSON,2018,2,23,54,21.45,31.75824,-84.43584
UGA,ODUM,2018,2,23,54,22.06,31.63292,-82.05171
UGA,WATUGA,2018,2,23,54,18.0,33.87285,-83.53545
UGA,ELBERTON,2018,2,23,54,17.78,34.02028,-82.60607
UGA,BLEDSOE,2018,2,23,54,18.78,33.18053,-84.41003
UGA,ALMA,2018,2,23,54,20.06,31.54286,-82.51002
UGA,ARABI,2018,2,23,54,19.89,31.82782,-83.81641
UGA,SANLUIS,2018,2,23,54,21.78,10.2829,-84.79857
UGA,DUBLIN,2018,2,23,54,20.5,32.49722,-82.9229
UGA,WAYCROSS,2018,2,23,54,21.61,31.21038,-82.50193
UGA,OSSABAW,2018,2,23,54,19.78,31.83784,-81.09116
OKM,FREE,2018,2,23,54,-999.0,36.72562,-99.14234
OKM,BEAV,2018,2,23,54,-999.0,36.80253,-100.53012
OKM,WYNO,2018,2,23,54,-999.0,36.51806,-96.34222
OKM,SLAP,2018,2,23,54,-999.0,36.59749,-100.26192
OKM,WASH,2018,2,23,54,-999.0,34.98224,-97.52109
OKM,BIXB,2018,2,23,54,-999.0,35.96305,-95.86621
OKM,TAHL,2018,2,23,54,-999.0,35.97235,-94.98671
OKM,DURA,2018,2,23,54,-999.0,33.92075,-96.32027
OKM,SHAW,2018,2,23,54,-999.0,35.36492,-96.94822
OKM,FTCB,2018,2,23,54,-999.0,35.14887,-98.46607
OKM,SPEN,2018,2,23,54,-999.0,35.54208,-97.34146
OKM,STIG,2018,2,23,54,-999.0,35.26527,-95.18116
OKM,COPA,2018,2,23,54,-999.0,36.90987,-95.88553
OKM,TIPT,2018,2,23,54,-999.0,34.43972,-99.13755
OKM,BESS,2018,2,23,54,-999.0,35.40185,-99.05847
OKM,WATO,2018,2,23,54,-999.0,35.84185,-98.52615
OKM,WEBR,2018,2,23,54,-999.0,35.489,-95.1233
OKM,ANT2,2018,2,23,54,-999.0,34.24967,-95.66844
OKM,PUTN,2018,2,23,54,-999.0,35.89904,-98.96038
OKM,ARD2,2018,2,23,54,-999.0,34.19258,-97.08568
OKM,HASK,2018,2,23,54,-999.0,35.74798,-95.64047
OKM,SULP,2018,2,23,54,-999.0,34.5661,-96.95048
OKM,OKEM,2018,2,23,54,-999.0,35.43172,-96.26265
OKM,WEST,2018,2,23,54,-999.0,36.011,-94.64496
OKM,MEDF,2018,2,23,54,-999.0,36.79242,-97.74577
OKM,COOK,2018,2,23,54,-999.0,35.68001,-94.84896
OKM,TALI,2018,2,23,54,-999.0,34.7107,-95.01152
OKM,OKMU,2018,2,23,54,-999.0,35.58211,-95.91473
OKM,ACME,2018,2,23,54,-999.0,34.80833,-98.02325
OKM,CLAY,2018,2,23,54,-999.0,34.65657,-95.32596
OKM,ALV2,2018,2,23,54,-999.0,36.70823,-98.70974
OKM,INOL,2018,2,23,54,-999.0,36.14246,-95.45067
OKM,HOBA,2018,2,23,54,-999.0,34.98971,-99.05283
OKM,MARE,2018,2,23,54,-999.0,36.06434,-97.21271
OKM,HUGO,2018,2,23,54,-999.0,34.03084,-95.54011
OKM,MINC,2018,2,23,54,-999.0,35.27225,-97.95553
OKM,BLAC,2018,2,23,54,-999.0,36.75443,-97.25452
OKM,KENT,2018,2,23,54,-999.0,36.82937,-102.8782
OKM,SEIL,2018,2,23,54,-999.0,36.19033,-99.0403
OKM,RING,2018,2,23,54,-999.0,34.19365,-97.58812
OKM,HOLD,2018,2,23,54,-999.0,35.07073,-96.35595
OKM,ARNE,2018,2,23,54,-999.0,36.07204,-99.90308
OKM,GOOD,2018,2,23,54,-999.0,36.60183,-101.6013
OKM,CLOU,2018,2,23,54,-999.0,34.22321,-95.2487
OKM,ELRE,2018,2,23,54,-999.0,35.54848,-98.03654
OKM,MADI,2018,2,23,54,-999.0,34.03579,-96.94394
OKM,NRMN,2018,2,23,54,-999.0,35.23611,-97.46488
OKM,FITT,2018,2,23,54,-999.0,34.55205,-96.71779
OKM,SALL,2018,2,23,54,-999.0,35.43815,-94.79805
OKM,MCAL,2018,2,23,54,-999.0,34.88231,-95.78096
OKM,JAYX,2018,2,23,54,-999.0,36.4821,-94.78287
OKM,CHAN,2018,2,23,54,-999.0,35.65282,-96.80407
OKM,BREC,2018,2,23,54,-999.0,36.41201,-97.69394
OKM,APAC,2018,2,23,54,-999.0,34.91418,-98.29216
OKM,ADAX,2018,2,23,54,-999.0,34.79851,-96.66909
OKM,WAUR,2018,2,23,54,-999.0,34.16775,-97.98815
OKM,CENT,2018,2,23,54,-999.0,34.60896,-96.33309
OKM,HOOK,2018,2,23,54,-999.0,36.85518,-101.22547
OKM,NEWP,2018,2,23,54,-999.0,34.2281,-97.20142
OKM,OILT,2018,2,23,54,-999.0,36.03126,-96.49749
OKM,NOWA,2018,2,23,54,-999.0,36.74374,-95.60795
OKM,CHER,2018,2,23,54,-999.0,36.74813,-98.36274
OKM,CARL,2018,2,23,54,-999.0,36.1473,-97.28585
OKM,WEAT,2018,2,23,54,-999.0,35.5083,-98.77509
OKM,MANG,2018,2,23,54,-999.0,34.83592,-99.42398
OKM,NEWK,2018,2,23,54,-999.0,36.8981,-96.91035
OKM,BOWL,2018,2,23,54,-999.0,35.17156,-96.63121
OKM,OKCN,2018,2,23,54,-999.0,35.5556,-97.5107
OKM,WAL2,2018,2,23,54,-999.0,34.39957,-98.34569
OKM,PAWN,2018,2,23,54,-999.0,36.36114,-96.76986
OKM,BROK,2018,2,23,54,-999.0,34.0433,-94.6244
OKM,PAUL,2018,2,23,54,-999.0,34.7155,-97.22924
OKM,OKCE,2018,2,23,54,-999.0,35.47226,-97.46414
OKM,HINT,2018,2,23,54,-999.0,35.48439,-98.48151
OKM,HECT,2018,2,23,54,-999.0,35.84162,-96.0024
OKM,MRSH,2018,2,23,54,-999.0,36.11685,-97.60685
OKM,BUFF,2018,2,23,54,-999.0,36.83129,-99.64101
OKM,IDAB,2018,2,23,54,-999.0,33.83013,-94.8803
OKM,FORA,2018,2,23,54,-999.0,36.84053,-96.42777
OKM,FAIR,2018,2,23,54,-999.0,36.26353,-98.49766
OKM,BOIS,2018,2,23,54,-999.0,36.69256,-102.49713
OKM,TULN,2018,2,23,54,-999.0,36.19666,-95.93883
OKM,BRIS,2018,2,23,54,-999.0,35.7805,-96.35404
OKM,MIAM,2018,2,23,54,-999.0,36.88832,-94.84437
OKM,WIST,2018,2,23,54,-999.0,34.98426,-94.68778
OKM,GRA2,2018,2,23,54,-999.0,34.239444,-98.743583
OKM,STIL,2018,2,23,54,-999.0,36.12093,-97.09527
OKM,HOLL,2018,2,23,54,-999.0,34.6855,-99.83331
OKM,PRYO,2018,2,23,54,-999.0,36.36914,-95.27138
OKM,WILB,2018,2,23,54,-999.0,34.90092,-95.34805
OKM,VINI,2018,2,23,54,-999.0,36.77536,-95.22094
OKM,CHIC,2018,2,23,54,-999.0,35.03236,-97.91446
OKM,MTHE,2018,2,23,54,-999.0,34.31072,-94.82275
OKM,BURB,2018,2,23,54,-999.0,36.63459,-96.81046
OKM,STUA,2018,2,23,54,-999.0,34.87642,-96.06982
OKM,PORT,2018,2,23,54,-999.0,35.8257,-95.55976
OKM,SKIA,2018,2,23,54,-999.0,36.4153,-96.03706
OKM,PERK,2018,2,23,54,-999.0,35.99865,-97.04831
OKM,GUTH,2018,2,23,54,-999.0,35.84891,-97.47978
OKM,ERIC,2018,2,23,54,-999.0,35.20494,-99.80344
OKM,CAMA,2018,2,23,54,-999.0,36.02866,-99.34652
OKM,BURN,2018,2,23,54,-999.0,33.89376,-97.26918
OKM,WOOD,2018,2,23,54,-999.0,36.42329,-99.41682
OKM,MAYR,2018,2,23,54,-999.0,36.98707,-99.01109
OKM,KIN2,2018,2,23,54,-999.0,35.85431,-97.95442
OKM,TISH,2018,2,23,54,-999.0,34.33262,-96.67895
OKM,KETC,2018,2,23,54,-999.0,34.52887,-97.76484
OKM,LANE,2018,2,23,54,-999.0,34.30876,-95.99716
OKM,BYAR,2018,2,23,54,-999.0,34.8497,-97.0033
OKM,CHEY,2018,2,23,54,-999.0,35.54615,-99.7279
OKM,MEDI,2018,2,23,54,-999.0,34.72921,-98.56936
OKM,BUTL,2018,2,23,54,-999.0,35.5915,-99.27059
OKM,TALA,2018,2,23,54,-999.0,36.57431,-95.74515
OKM,ELKC,2018,2,23,54,-999.0,35.33353,-99.39398
OKM,LAHO,2018,2,23,54,-999.0,36.38435,-98.11139
OKM,REDR,2018,2,23,54,-999.0,36.3559,-97.15306
OKM,EUFA,2018,2,23,54,-999.0,35.30324,-95.65707
OKM,ALTU,2018,2,23,54,-999.0,34.58722,-99.33808
